{"lr": 2.020003357616789e-05, "loss": 13.83604347705841, "wd": 0.17180262134077892, "mom": 0.9989425983002792, "last_layer_lr": 2.020003357616789e-05, "current_batch_size": 32.0, "koleo_loss": -0.03057861328125, "dino_local_crops_loss": 9.861111640930176, "dino_global_crops_loss": 1.2321819067001343, "ibot_loss": 2.7733285427093506, "_timestamp": 1732574457.357429, "_runtime": 45435.67539310455, "_step": 25200, "_wandb": {"runtime": 45437}}