{"lr": 1.0000000032540513e-06, "loss": 13.835675597190857, "wd": 0.19999999999041052, "mom": 0.9999999999996404, "last_layer_lr": 1.0000000032540513e-06, "current_batch_size": 32.0, "koleo_loss": -0.031494140625, "dino_local_crops_loss": 9.861111640930176, "dino_global_crops_loss": 1.2326244115829468, "ibot_loss": 2.7734336853027344, "_timestamp": 1732721128.9255657, "_runtime": 107149.29442763329, "_step": 60869, "_wandb": {"runtime": 107155}}