{"lr": 2.4591110118545832e-05, "loss": 13.83923864364624, "wd": 0.17559781115226533, "mom": 0.99908491791821, "last_layer_lr": 2.4591110118545832e-05, "current_batch_size": 32.0, "koleo_loss": -0.027801513671875, "dino_local_crops_loss": 9.86109733581543, "dino_global_crops_loss": 1.232637643814087, "ibot_loss": 2.7733051776885986, "_timestamp": 1732594401.93594, "_runtime": 16344.636922121048, "_step": 9046, "_wandb": {"runtime": 16345}}