{"lr": 6.463919558359622e-05, "loss": 11.38543975353241, "wd": 0.040411939031275296, "mom": 0.9940154477136728, "last_layer_lr": 6.463919558359622e-05, "current_batch_size": 32.0, "koleo_loss": "N/A", "kde_loss": -0.494384765625, "dino_local_crops_loss": 8.832341194152832, "dino_global_crops_loss": 1.081921935081482, "ibot_loss": 1.9655613899230957, "_timestamp": 1733951218.4436681, "_runtime": 12886.396518230438, "_step": 6557, "_wandb": {"runtime": 12887}}