{"lr": 6.917597459162227e-07, "loss": 13.757332393101283, "wd": 0.04000007194962979, "mom": 0.9940000026981111, "last_layer_lr": 0.0, "current_batch_size": 24.0, "koleo_loss": -0.018833705357142856, "dino_local_crops_loss": 10.246191842215401, "dino_global_crops_loss": 1.2756007058279855, "ibot_loss": 2.254373550415039, "_timestamp": 1732123871.0108232, "_runtime": 110.64574313163757, "_step": 66, "_wandb": {"runtime": 110}}