{"lr": 3.915345142851376e-07, "loss": 14.386964559555054, "wd": 0.04000002016197948, "mom": 0.9940000007560742, "last_layer_lr": 0.0, "current_batch_size": 24.0, "koleo_loss": -0.0100860595703125, "dino_local_crops_loss": 10.691253662109375, "dino_global_crops_loss": 1.3598058223724365, "ibot_loss": 2.3459911346435547, "_timestamp": 1732114977.6608489, "_runtime": 27.1191668510437, "_step": 16, "_wandb": {"runtime": 27}}