{"lr": 6.368279042469864e-05, "loss": 13.216637969017029, "wd": 0.08752200505433877, "mom": 0.9957820751895377, "last_layer_lr": 6.368279042469864e-05, "current_batch_size": 24.0, "koleo_loss": -0.0261993408203125, "dino_local_crops_loss": 9.629315376281738, "dino_global_crops_loss": 1.2036362886428833, "ibot_loss": 2.4098856449127197, "_timestamp": 1732114772.492445, "_runtime": 135.41757202148438, "_step": 23}