{"lr": 4.0417981072555207e-07, "loss": -Infinity, "wd": 0.04000001611993706, "mom": 0.9940000006044977, "last_layer_lr": 0.0, "current_batch_size": 32.0, "koleo_loss": "N/A", "kde_loss": -Infinity, "dino_local_crops_loss": 10.608680725097656, "dino_global_crops_loss": 1.3312307596206665, "ibot_loss": 2.2737820148468018, "_timestamp": 1733173904.7052526, "_runtime": 84.9287486076355, "_step": 41, "_wandb": {"runtime": 84}}