{"lr": 1.000000006574512e-06, "loss": 12.468096137046814, "wd": 0.19999999999041052, "mom": 0.9999999999996404, "last_layer_lr": 1.000000006574512e-06, "current_batch_size": 32.0, "koleo_loss": "N/A", "kde_loss": -0.498291015625, "dino_local_crops_loss": 9.636051177978516, "dino_global_crops_loss": 1.1914910078048706, "ibot_loss": 2.1388449668884277, "_timestamp": 1733654080.02529, "_runtime": 38536.66854310036, "_step": 20289, "_wandb": {"runtime": 38543}}